Epoch,Target Cost,Squared Loss,Cross Entropy Loss
1,13791,0.41338,2.49165
2,13773.8,0.412722,2.48829
3,13747.4,0.407516,2.48791
4,13687,0.404321,2.48038
5,13651.7,0.397557,2.47521
6,13556.5,0.390071,2.46688
7,13496,0.377049,2.46514
8,13398,0.363692,2.4567
9,13310.1,0.347861,2.45576
10,13176.8,0.335872,2.44185
11,13070.4,0.324497,2.42608
12,13010.3,0.31011,2.43244
13,12924.5,0.295323,2.42226
14,12811.7,0.280559,2.41998
15,12668.1,0.25989,2.40821
16,12554.5,0.242172,2.40736
17,12502.2,0.22581,2.40442
18,12364.2,0.211771,2.38699
19,12203.1,0.19523,2.37741
20,12151.2,0.182719,2.37744
21,11988.9,0.167755,2.37089
22,11981,0.16152,2.3591
23,11773.1,0.140122,2.33651
24,11663.4,0.135281,2.32119
25,11620.1,0.11629,2.33049
26,11551.6,0.114056,2.31144
27,11356.8,0.107994,2.28666
28,11221.4,0.102295,2.27316
29,11060.8,0.0934451,2.24403
30,11101.3,0.0876181,2.24785
31,10786,0.0839645,2.20073
32,10874.9,0.0813288,2.21666
33,10769,0.0788204,2.19394
34,10705.3,0.074873,2.17662
35,10592.2,0.067214,2.15802
36,10634.2,0.0733244,2.1586
37,10322.7,0.0675932,2.11332
38,10287.8,0.0671071,2.11044
39,10186.2,0.0680682,2.07386
40,10182.7,0.064957,2.08071
41,9988,0.0618969,2.05471
42,10093.2,0.0668217,2.05698
43,10019.6,0.0630456,2.03397
44,9900.3,0.0662054,2.01767
45,9637.1,0.0579592,1.98221
46,9633.37,0.0615675,1.97723
47,9641.86,0.0634306,1.9609
48,9381.12,0.062363,1.93541
49,9383.72,0.0580057,1.91194
50,9177.38,0.0587513,1.87945
51,9144.22,0.0563423,1.87768
52,9128.71,0.0593337,1.85855
53,9175.52,0.0591117,1.86832
54,9122.41,0.0618821,1.86709
55,8972.54,0.0566951,1.82743
56,8915.48,0.0581138,1.81932
57,8774.49,0.0540553,1.79631
58,8802.08,0.0542257,1.79531
59,8711.32,0.0546706,1.76984
60,8666.26,0.056489,1.78047
61,8486.85,0.0543635,1.74732
62,8379.57,0.0584035,1.71565
63,8549.92,0.0527875,1.75449
64,8365.5,0.0481549,1.72877
65,8169.6,0.049754,1.67745
66,8252.04,0.0478637,1.71169
67,8274.35,0.0511338,1.71042
68,8292.71,0.0516148,1.70043
69,8002.79,0.0489985,1.66347
70,8114.13,0.0503926,1.65829
71,7994.64,0.0558616,1.63732
72,8130.81,0.0477306,1.66062
73,7908.71,0.0505008,1.62726
74,7833.7,0.0488694,1.60623
75,7664.24,0.0531076,1.56891
76,7878.83,0.0504622,1.61102
77,7815.44,0.0500371,1.60195
78,7553.9,0.0518202,1.54653
79,7720.76,0.0526106,1.58413
80,7490.51,0.0510061,1.53844
81,7597.57,0.0483275,1.55222
82,7361.62,0.0482209,1.51572
83,7584.14,0.0508158,1.53255
84,7335.95,0.0492765,1.51385
85,7354.19,0.0487614,1.50908
86,7289.99,0.0460604,1.48283
87,7242.16,0.0453242,1.47388
88,7115.79,0.0463216,1.46392
89,7253.54,0.0492573,1.48229
90,7223.8,0.0472752,1.46927
91,7054.6,0.0515278,1.44802
92,7002.92,0.0505884,1.42052
93,7109.77,0.0508765,1.45265
94,6886.54,0.0489564,1.40347
95,7043.89,0.0481899,1.4277
96,6780.9,0.0495437,1.39089
97,6841.85,0.0510829,1.40441
98,6784.99,0.0499948,1.39235
99,6777.6,0.0474084,1.36701
100,6666.41,0.0507496,1.35508
101,6812.03,0.0460917,1.36761
102,6661.35,0.0459523,1.35332
103,6550.15,0.0472853,1.32589
104,6415.67,0.0513033,1.31226
105,6897.85,0.0479511,1.39236
106,6309.77,0.0484476,1.30586
107,6480.53,0.0526693,1.31285
108,6257.11,0.046499,1.27963
109,6389.28,0.0482759,1.31
110,6182.5,0.0494097,1.24687
111,6334.93,0.0472697,1.30116
112,6312.87,0.0515976,1.27872
113,6344.98,0.0512564,1.28739
114,6038.3,0.0513836,1.21965
115,6080.99,0.0460869,1.24189
116,6023.86,0.0465156,1.24008
117,6152.71,0.0509232,1.2557
118,5960.14,0.0508556,1.19796
119,6252.06,0.0478267,1.25814
120,5821.46,0.0481217,1.18368
121,5895.42,0.0471057,1.19622
122,5986.52,0.048876,1.20853
123,5768.34,0.049415,1.17852
124,5840.24,0.0481705,1.18462
125,5613.98,0.0495456,1.14962
126,5691.22,0.049948,1.15112
127,5787.43,0.0447087,1.18207
128,5639.73,0.0430913,1.1544
129,5626.98,0.0464728,1.14683
130,5679.24,0.0486934,1.15208
131,5658.27,0.0513867,1.14424
132,5524.92,0.0475431,1.13136
133,5831.91,0.0467055,1.18039
134,5532.5,0.0489858,1.10642
135,5638.59,0.0508409,1.11422
136,5424.13,0.048983,1.07908
137,5600.24,0.0497545,1.12972
138,5487.97,0.0504531,1.1026
139,5538.71,0.0497888,1.10927
140,5353.57,0.0504558,1.07827
141,5454.55,0.0449031,1.08927
142,5262.47,0.0481583,1.05872
143,5188.72,0.047465,1.04716
144,5241.38,0.0495326,1.03753
145,5300.9,0.0515585,1.07956
146,5183.58,0.0490254,1.05079
147,5262.82,0.0480981,1.07097
148,5397.01,0.0486675,1.0872
149,5197.38,0.0517957,1.02933
150,5091.38,0.0484549,1.03411
151,5178.08,0.0489703,1.03609
152,4979.71,0.0461393,1.02532
153,5192.64,0.0452392,1.05411
154,5098.49,0.0492393,1.01667
155,5035.81,0.04665,1.02942
156,4980.9,0.0495383,0.993737
157,5219.35,0.047684,1.04985
158,5043.57,0.04843,1.00471
159,4980.27,0.0498631,1.01343
160,4777.31,0.0443237,0.970284
161,5128.73,0.0489157,1.04116
162,4882.28,0.0484383,0.992708
163,4951.66,0.0458379,0.997943
164,4917.18,0.0506989,0.983605
165,4963.16,0.0490232,1.00639
166,4738.62,0.0494811,0.961523
167,4827.81,0.0468851,0.978076
168,4943.35,0.0475724,0.982345
169,4879.47,0.0518478,0.990698
170,4891.25,0.0497024,0.952169
171,4877.46,0.0484387,0.98039
172,4687.04,0.0502384,0.929371
173,4773.99,0.0518198,0.961902
174,4683.05,0.0519832,0.937854
175,4714.95,0.0469083,0.951599
176,4570.16,0.0499152,0.917801
177,4826.82,0.0474139,0.967607
178,4447.67,0.0450115,0.913425
179,4630.2,0.0471641,0.935659
180,4562.37,0.0537279,0.907026
181,4791.19,0.0500438,0.950824
182,4590.24,0.0472148,0.920969
183,4597.79,0.0471431,0.920085
184,4583.43,0.0486267,0.905544
185,4533.72,0.0519528,0.918199
186,4317.53,0.0480948,0.86292
187,4617.94,0.0481352,0.915774
188,4398.53,0.0473532,0.880571
189,4597.8,0.051361,0.911372
190,4456.41,0.0499692,0.880282
191,4700.36,0.0502259,0.925124
192,4442.58,0.0533433,0.876271
193,4531.26,0.0480402,0.902304
194,4438.19,0.0449898,0.875337
195,4532.33,0.0463121,0.904993
196,4381.73,0.051628,0.8751
197,4380.41,0.0499091,0.876557
198,4336.14,0.0477464,0.883008
199,4456.88,0.0465854,0.873407
200,4289.03,0.046542,0.858438
201,4480.14,0.0495801,0.886811
202,4182.16,0.0495701,0.834471
203,4296.57,0.0461194,0.876761
204,4123.74,0.0496335,0.828611
205,4494.11,0.0509134,0.884881
206,4154.14,0.0448659,0.848
207,4534.81,0.0453413,0.907052
208,4337.72,0.0495027,0.863427
209,4250.29,0.0455814,0.852872
210,4246.8,0.0472186,0.855971
211,4373.02,0.0521742,0.891179
212,4142.36,0.0486452,0.825257
213,4149.65,0.045301,0.835609
214,4054.94,0.0476005,0.821464
215,4201.02,0.0472518,0.848183
216,4054.18,0.0472559,0.813996
217,4238.56,0.0494854,0.843823
218,3873.63,0.0476269,0.773999
219,4365.2,0.0492815,0.863189
220,4059.99,0.0459414,0.804929
221,4096.13,0.0495342,0.822132
222,4050.31,0.0474238,0.806245
223,4227.88,0.052453,0.842765
224,4020.5,0.0491386,0.807051
225,4124.39,0.0477341,0.831918
226,4118.96,0.0477281,0.826071
227,4193.16,0.0486175,0.840786
228,4063.08,0.0461411,0.80954
229,4255.22,0.0487515,0.851796
230,3994.91,0.045946,0.798351
231,4102.57,0.0505169,0.814408
232,3985.41,0.0464045,0.803754
233,4208.04,0.0490229,0.839472
234,3849.9,0.0461244,0.780189
235,4125.31,0.0484268,0.823486
236,3999.63,0.0449671,0.799762
237,4126.53,0.0467063,0.813893
238,3923.7,0.046873,0.776573
239,4114.87,0.0449755,0.815531
240,3958.56,0.0501431,0.797534
241,3883.62,0.0478503,0.775331
242,3974.1,0.0521018,0.793681
243,3890.65,0.0481071,0.766676
244,3877.7,0.047526,0.784262
245,3994.72,0.0462431,0.7835
246,3941.11,0.0484153,0.779012
247,3915.12,0.0458622,0.772843
248,3949.7,0.0523864,0.779186
249,3853.98,0.0506018,0.769288
250,3999.88,0.0464269,0.783952
251,3879.97,0.0503243,0.748883
252,4003.86,0.051359,0.785461
253,3899.06,0.0500392,0.771039
254,3968.67,0.0530395,0.782783
255,3820.96,0.0496517,0.734634
256,3958.6,0.048753,0.788865
257,3819.25,0.0490675,0.754488
258,4001.81,0.0475889,0.788057
259,3787.25,0.0474787,0.751093
260,4049.6,0.0441208,0.799846
261,3817.72,0.0455279,0.766063
262,3846.82,0.0488775,0.769724
263,3736.7,0.0511434,0.739191
264,3846.5,0.0442919,0.766563
265,3803.35,0.044539,0.764812
266,3949.35,0.0477576,0.774798
267,3792.29,0.0464186,0.749184
268,3818.01,0.0442244,0.762922
269,3604.1,0.0475155,0.73599
270,3891.18,0.0476211,0.782509
271,3756.27,0.0474604,0.751863
272,3796.03,0.0480583,0.751073
273,3790.36,0.0466164,0.765346
274,3648.32,0.0484794,0.730077
275,3788.11,0.0454126,0.746004
276,3691.63,0.0446276,0.739762
277,3663.25,0.0444567,0.710608
278,3708.25,0.0484235,0.738046
279,3451.18,0.0488578,0.691791
280,3798.06,0.0507904,0.772722
281,3739.87,0.0474441,0.730042
282,3726.25,0.0487352,0.733919
283,3549.54,0.0464429,0.698478
284,3765.51,0.0472665,0.75499
285,3782.09,0.0472273,0.732997
286,3847.03,0.0495541,0.747231
287,3712.92,0.0490281,0.723065
288,3747.5,0.0506227,0.736471
289,3530.96,0.0505996,0.699615
290,3679.1,0.0486383,0.739334
291,3554.91,0.0466967,0.703344
292,3700.14,0.0459019,0.73823
293,3606.76,0.0489967,0.716979
294,3616.58,0.0474712,0.711527
295,3717.12,0.0455749,0.714133
296,3853.15,0.046891,0.760877
297,3664.56,0.0448955,0.721562
298,3742.3,0.0465574,0.735551
299,3513.89,0.0491887,0.706012
300,3474.21,0.0453784,0.712062
301,3621.27,0.049593,0.712236
302,3714.82,0.0464134,0.741601
303,3621.82,0.0451556,0.725665
304,3772.93,0.0452839,0.736864
305,3835.75,0.0493976,0.746106
306,3641.36,0.0481546,0.711505
307,3686.54,0.0452019,0.736533
308,3686.63,0.0482383,0.734201
309,3546.46,0.0473287,0.702216
310,3490.6,0.0491352,0.691365
311,3652.16,0.0465606,0.722255
312,3590.21,0.0500493,0.716047
313,3578.44,0.0456332,0.712183
314,3653.7,0.047542,0.729513
315,3540.41,0.0469568,0.702414
316,3510.04,0.0492785,0.698104
317,3556.8,0.048216,0.68545
318,3548.5,0.0495457,0.695081
319,3560.58,0.0467034,0.705415
320,3582,0.0449619,0.715302
321,3572.1,0.044284,0.703949
322,3608.44,0.0484363,0.696109
323,3493.18,0.0448814,0.692287
324,3673.66,0.0483757,0.726157
325,3494.47,0.0448418,0.693261
326,3638.31,0.0457513,0.715999
327,3571.82,0.0443388,0.713323
328,3760.27,0.0475322,0.737073
329,3596.35,0.0437148,0.718316
330,3432.56,0.0461598,0.68206
331,3496.24,0.0476515,0.698898
332,3533.3,0.046149,0.710586
333,3663.43,0.0470678,0.719573
334,3616.92,0.0499551,0.716929
335,3556.82,0.0485076,0.693039
336,3555.14,0.0479623,0.702674
337,3634.91,0.0488415,0.698011
338,3617.07,0.0472025,0.712174
339,3575.9,0.0468561,0.700984
340,3713.03,0.045508,0.717362
341,3431.33,0.0456565,0.670094
342,3669.97,0.0486914,0.70814
343,3538.06,0.0477586,0.710258
344,3660.81,0.0511302,0.723648
345,3518.63,0.0478578,0.69275
346,3616.96,0.0461783,0.705576
347,3716.32,0.0478481,0.739384
348,3489.04,0.047463,0.701873
349,3450.37,0.0460783,0.683254
350,3802.11,0.0493505,0.756974
351,3539.9,0.0478962,0.696042
352,3613.94,0.047367,0.710122
353,3664.73,0.0545597,0.704297
354,3625.34,0.0455839,0.697797
355,3445.9,0.0485755,0.689264
356,3507.27,0.0458971,0.703851
357,3469.11,0.0454758,0.697889
358,3612.44,0.0476625,0.719383
359,3517.14,0.0429776,0.679759
360,3601.14,0.0478325,0.697055
361,3462.17,0.0444496,0.682465
362,3605.06,0.0442019,0.719262
363,3561.62,0.045796,0.717123
364,3528.68,0.0454507,0.705411
365,3446.45,0.0468038,0.695549
366,3586.73,0.0466343,0.718903
367,3619.15,0.0445584,0.70122
368,3634.73,0.0499736,0.72708
369,3362.6,0.0477,0.664464
370,3724.54,0.0493833,0.750662
371,3389.49,0.0439879,0.678934
372,3625.9,0.0491317,0.697519
373,3509.08,0.0475219,0.701536
374,3609.59,0.0480611,0.716754
375,3569.7,0.0466511,0.709739
376,3708.44,0.047952,0.740697
377,3460.95,0.0445154,0.694721
378,3572.1,0.0501106,0.69346
379,3625.31,0.0440401,0.719344
380,3474.87,0.0446441,0.688575
381,3666.45,0.0485024,0.703083
382,3572.27,0.0499805,0.68408
383,3553.32,0.0464883,0.706294
384,3572.9,0.0490655,0.69065
385,3488.45,0.0440477,0.679999
386,3665.3,0.050813,0.7267
387,3548.49,0.0477915,0.700372
388,3536.86,0.047302,0.707912
389,3479.33,0.0469836,0.677443
390,3695.1,0.0473401,0.726459
391,3436.82,0.0454641,0.673841
392,3572.2,0.0445105,0.70558
393,3412.89,0.0456892,0.676528
394,3573.17,0.049007,0.7118
395,3612.48,0.0446733,0.700663
396,3637.93,0.0504398,0.733771
397,3517.62,0.0491392,0.694619
398,3642.07,0.0455976,0.723533
399,3523.06,0.0480586,0.701743
400,3255.45,0.0494579,0.653122
401,3387.3,0.0445473,0.679318
402,3572.32,0.0484501,0.699476
403,3364.78,0.0476536,0.686387
404,3521.54,0.045671,0.708103
405,3505.32,0.0470746,0.699216
406,3475.24,0.0484988,0.698393
407,3427.83,0.0484067,0.688285
408,3583.48,0.0464525,0.711364
409,3472.92,0.0471588,0.682987
410,3593.86,0.0478828,0.708825
411,3445.25,0.0464619,0.689333
412,3680.68,0.0494157,0.700225
413,3423.2,0.0482379,0.678417
414,3592.52,0.0464783,0.715488
415,3482.5,0.0433678,0.691048
416,3577.3,0.0473139,0.712133
417,3437.76,0.0471592,0.669718
418,3622.83,0.0508316,0.729317
419,3511.31,0.0438284,0.692795
420,3574.43,0.0436903,0.697115
421,3665.16,0.0466647,0.714629
422,3782.22,0.0504129,0.734329
423,3632.57,0.0472866,0.716801
424,3629.7,0.0455001,0.708519
425,3545.42,0.0489761,0.688377
426,3618.13,0.0513145,0.713885
427,3403.85,0.0468582,0.677192
428,3628.98,0.0505491,0.692114
429,3391.59,0.0448052,0.656569
430,3622.11,0.0517548,0.714264
431,3504.83,0.0480186,0.694283
432,3398.7,0.0445643,0.678483
433,3596.03,0.0426707,0.699591
434,3517.22,0.0468016,0.708499
435,3371.53,0.048321,0.664252
436,3391.78,0.0447193,0.689751
437,3592.9,0.0469046,0.701533
438,3466.5,0.0442349,0.685391
439,3505.48,0.0442226,0.689289
440,3662.16,0.0498483,0.70804
441,3618.66,0.0452983,0.711495
442,3433.51,0.0469198,0.679151
443,3382.48,0.0453444,0.662389
444,3699.47,0.0484077,0.743416
445,3642.89,0.0468871,0.723886
446,3773.31,0.0524517,0.736806
447,3645.29,0.048074,0.718311
448,3530.14,0.0501815,0.698372
449,3438.04,0.0431338,0.684911
450,3602.77,0.0494931,0.697587
451,3523.84,0.0453397,0.694828
452,3508.23,0.0478021,0.687484
453,3470.85,0.0465292,0.693701
454,3373.5,0.0474619,0.658692
455,3688.17,0.0467645,0.723453
456,3478.66,0.0477139,0.676223
457,3655.59,0.0478197,0.715778
458,3448.17,0.0434133,0.682044
459,3409.2,0.0472936,0.681661
460,3670.12,0.0482356,0.725427
461,3613.82,0.0437381,0.72261
462,3546.52,0.0453605,0.694606
463,3435,0.044225,0.685178
464,3769.44,0.0444876,0.7318
465,3547.91,0.0460073,0.693871
466,3510.82,0.0489366,0.69434
467,3374.57,0.0466228,0.681096
468,3428.58,0.0507499,0.679093
469,3495.79,0.0451536,0.701456
470,3521.93,0.0472633,0.709296
471,3427.69,0.0472156,0.685174
472,3717.44,0.0495376,0.727563
473,3549.79,0.0465731,0.698866
474,3606.98,0.0472964,0.719138
475,3625.31,0.0488165,0.708315
476,3521.08,0.0536019,0.684024
477,3444.56,0.0448628,0.671889
478,3741.83,0.0503838,0.744007
479,3671.52,0.0422474,0.714356
480,3577.8,0.0423815,0.709185
481,3478.64,0.0464663,0.696023
482,3719.81,0.048903,0.736636
483,3572.46,0.0477188,0.718729
484,3449.68,0.0484622,0.676897
485,3359.85,0.0462962,0.667826
486,3660.11,0.0474995,0.708727
487,3566.75,0.0455631,0.700361
488,3486.05,0.0480094,0.695741
489,3706.99,0.0498101,0.721187
490,3770.71,0.048388,0.743205
491,3651.86,0.0511712,0.707102
492,3611.63,0.0459202,0.716222
493,3549.52,0.0476356,0.705809
494,3761.48,0.0479439,0.725905
495,3686.98,0.0456475,0.737738
496,3618.31,0.0485553,0.723675
497,3414.21,0.0512916,0.672319
498,3639.75,0.0470647,0.732736
499,3740.52,0.0452937,0.736753
500,3638.75,0.0478322,0.732647
501,3443.82,0.0447305,0.671334
502,3506.92,0.0486685,0.696587
503,3609.89,0.0459278,0.693612
504,3750.4,0.0459896,0.723657
505,3547.08,0.0463375,0.707391
506,3786.41,0.0479328,0.747513
507,3629.68,0.0480487,0.714109
508,3781.46,0.0471811,0.741459
509,3493.85,0.0471259,0.69442
510,3763.74,0.0465613,0.74798
511,3619.32,0.0472979,0.714813
512,3541.88,0.0501916,0.687754
513,3405.33,0.0469664,0.690971
514,3597.17,0.0484709,0.718219
515,3818.65,0.0460121,0.753702
516,3616.57,0.0493478,0.741218
517,3601.22,0.0448331,0.7092
518,3555.9,0.0455702,0.72019
519,3642.48,0.0461572,0.717862
520,3792.52,0.0504394,0.728525
521,3477.58,0.0462989,0.701732
522,3596.92,0.0498075,0.711932
523,3523.62,0.04605,0.691287
524,3681.08,0.0484348,0.725301
525,3494.02,0.0446362,0.695335
526,3654.39,0.0494971,0.733704
527,3648.07,0.0473259,0.741181
528,3663.13,0.0493437,0.716381
529,3611.72,0.0473215,0.724335
530,3672.43,0.050266,0.719775
531,3546.04,0.0465863,0.717765
532,3718.88,0.0476415,0.734469
533,3616.56,0.0490062,0.731977
534,3617.3,0.0489641,0.714565
535,3619.89,0.0482043,0.701184
536,3686.87,0.0477259,0.721864
537,3891.43,0.0471994,0.766559
538,3700.68,0.0482331,0.745338
539,3596.56,0.0447992,0.716031
540,3790.07,0.0436861,0.761769
541,3477.22,0.0485299,0.692778
542,3827.85,0.0490641,0.749567
543,3694.33,0.0475311,0.731954
544,3696.11,0.0489207,0.727114
545,3716.3,0.0458684,0.731711
546,3400.07,0.0473594,0.705741
547,3722.66,0.0453356,0.728166
548,3691.86,0.0480823,0.728876
549,3622.27,0.0460256,0.7084
550,3752.77,0.0478075,0.731879
551,3562.2,0.0454034,0.729369
552,3518.99,0.0496412,0.704043
553,3572.84,0.04564,0.712784
554,3761.26,0.0461766,0.757812
555,3629.4,0.0472171,0.737255
556,3603.16,0.0486065,0.709471
557,3604.41,0.0450077,0.732428
558,3650.38,0.0438904,0.729026
559,3804.77,0.0473732,0.738193
560,3735.66,0.0489013,0.737587
561,3652.64,0.0471602,0.727154
562,3853,0.0517607,0.767728
563,3493.72,0.0434106,0.689228
564,3629.65,0.0471356,0.743614
565,3614.45,0.0448013,0.714516
566,3672.75,0.0464912,0.7421
567,3770.7,0.0462005,0.749143
568,3869.49,0.0482308,0.756571
569,3846.96,0.0492168,0.759049
570,3629.26,0.0455153,0.74165
571,3690.09,0.0511689,0.734297
572,3790.49,0.0464289,0.753785
573,3607.64,0.0441525,0.717507
574,3935.33,0.047394,0.781979
575,3871.03,0.0477857,0.770047
576,3817.28,0.0490704,0.753697
577,3596.64,0.0472628,0.73012
578,3691.78,0.0486044,0.735363
579,3566.32,0.0462384,0.728159
580,3782.7,0.0495075,0.747615
581,3808.79,0.0468717,0.747437
582,3948.4,0.0488246,0.806832
583,3698.94,0.0447542,0.738346
584,3797.49,0.0492729,0.749424
585,3687.23,0.0454329,0.713792
586,3788.71,0.0499345,0.761015
587,3728.32,0.0484736,0.735811
588,3694.8,0.0479072,0.742397
589,3653.68,0.0469069,0.716305
590,3922.9,0.0467496,0.769865
591,3658.75,0.0455341,0.708977
592,3715.64,0.048565,0.747192
593,3832.1,0.0461887,0.761474
594,3937.32,0.0489472,0.80131
595,3951.44,0.0489854,0.798611
596,3695.69,0.0475398,0.732404
597,3812.73,0.0511993,0.761106
598,3689.16,0.0506813,0.738601
599,3848.56,0.0508842,0.740864
600,3817.7,0.0485682,0.756627
601,3726.98,0.0492719,0.743736
602,3838.62,0.0483894,0.777667
603,3808.01,0.0501766,0.749055
604,3868.65,0.0489035,0.782732
605,3689.25,0.0508996,0.737093
606,3882.83,0.0499432,0.764039
607,3739.58,0.0515641,0.725822
608,3722.5,0.0486956,0.7549
609,3856.88,0.0517213,0.739711
610,3951,0.0502981,0.790744
611,3980.79,0.0512486,0.778498
612,3724.59,0.0532069,0.734467
613,3771.14,0.0497958,0.736871
614,4098.04,0.0474079,0.810982
615,3793.64,0.0506627,0.748933
616,3847.77,0.0485416,0.75059
617,3811.31,0.0480061,0.741566
618,3929.64,0.0520925,0.782201
619,3923.68,0.0511244,0.76684
620,3825.11,0.0514827,0.73282
621,3913.09,0.0446862,0.765543
622,4039.16,0.0493876,0.79155
623,3696.04,0.0429476,0.742177
624,3938.92,0.0484085,0.782892
625,3828.06,0.0482922,0.768809
626,3891.28,0.0488727,0.782982
627,3787.44,0.0457259,0.751032
628,4068.06,0.0480671,0.791916
629,4087.87,0.0513402,0.804585
630,3814.66,0.0464875,0.770647
631,3666.86,0.0522489,0.713263
632,3845.72,0.0490884,0.766597
633,3859.54,0.0504374,0.751631
634,3874.32,0.0447673,0.770075
635,3897.87,0.0504991,0.766171
636,3851.6,0.048998,0.745745
637,3945.98,0.0487974,0.774956
638,3980.69,0.0481895,0.81077
639,4014.06,0.0466346,0.794051
640,3811.65,0.051299,0.752156
641,3730.61,0.047597,0.730525
642,3897.48,0.0494029,0.769289
643,3915.87,0.0506501,0.772435
644,3693,0.0498314,0.750041
645,3741.04,0.0501973,0.75445
646,3893.57,0.0484563,0.781259
647,4078.98,0.0477911,0.791001
648,3921.97,0.047974,0.780077
649,3862.3,0.0485759,0.759939
650,3981.89,0.0509565,0.772167
651,4050.81,0.0474284,0.796856
652,3870.02,0.0511128,0.769477
653,3903.4,0.048218,0.773659
654,3868.92,0.0468576,0.792143
655,4181.14,0.0499669,0.790095
656,4008.18,0.0502801,0.803527
657,3955.05,0.0447904,0.786666
658,4001.47,0.044392,0.805404
659,4064.78,0.0489524,0.785305
660,4120.41,0.0496288,0.807979
661,3986.27,0.0484689,0.80653
662,3857.15,0.0490278,0.766115
663,3998.8,0.0514771,0.793341
664,3821.68,0.0474286,0.76793
665,4142.9,0.0504403,0.800934
666,3694.51,0.0478949,0.757041
667,4156.2,0.0504285,0.795892
668,3721.37,0.0469481,0.75091
669,4097.03,0.047643,0.804919
670,3933.92,0.0469675,0.782282
671,4056.81,0.0494848,0.800173
672,3973.19,0.0476821,0.794479
673,3978.25,0.0479049,0.781858
674,4055.31,0.0504573,0.777254
675,3883.82,0.0483999,0.778261
676,3891.8,0.0468907,0.778391
677,3964.32,0.0524407,0.771491
678,4073.29,0.0474285,0.819119
679,4066.5,0.050585,0.807839
680,3765.74,0.048227,0.745505
681,3924.8,0.0474393,0.790036
682,3939.8,0.0437112,0.76781
683,4081.93,0.0484141,0.818822
684,3755.21,0.0524699,0.752618
685,4015.09,0.0480991,0.800519
686,3872.14,0.0466424,0.786383
687,3996.16,0.0468232,0.792001
688,3982.81,0.0466448,0.812257
689,3996.84,0.0475588,0.789127
690,3878.23,0.0501671,0.789064
691,4146.8,0.0494482,0.81242
692,4044.31,0.0482629,0.786447
693,4116.12,0.0476951,0.810705
694,3953.96,0.0466617,0.790116
695,4222.79,0.0508099,0.843107
696,4047.33,0.0491367,0.796856
697,4036.51,0.0480126,0.788528
698,3826.29,0.0488066,0.767685
699,4137.1,0.051973,0.813438
700,4204.41,0.051852,0.821006
701,4213.98,0.0533743,0.836587
702,3713.36,0.0434625,0.76028
703,4190.54,0.0477735,0.831191
704,3957.18,0.0487146,0.782663
705,4093.57,0.0494417,0.82908
706,3881.75,0.0436828,0.786613
707,4105.98,0.0485609,0.841568
708,3908.62,0.0488005,0.780265
709,4165.27,0.0506728,0.822209
710,3879.99,0.0479374,0.782712
711,3963.36,0.0500633,0.813309
712,4069.32,0.044879,0.797768
713,4142.02,0.0481186,0.813837
714,3847.5,0.0482433,0.783554
715,4079.14,0.0466366,0.817996
716,4133.18,0.0506936,0.810915
717,3780.17,0.0452581,0.79847
718,3851.98,0.0449006,0.761954
719,4414.48,0.0482213,0.861324
720,4066.35,0.0526598,0.820043
721,4415.14,0.0492212,0.848191
722,4143.42,0.047938,0.81085
723,3877.02,0.0476942,0.784504
724,4113.09,0.0501722,0.82211
725,3895.75,0.0483757,0.7928
726,3777.73,0.0487906,0.753342
727,4248.11,0.0488683,0.838365
728,4212.42,0.04863,0.83955
729,4241.09,0.0472474,0.86316
730,4185.59,0.0484647,0.839302
731,4266.92,0.0506785,0.832452
732,4056.87,0.0503727,0.806447
733,4206.76,0.0500702,0.836863
734,4125.26,0.0490437,0.820594
735,3874.08,0.0502924,0.789397
736,4151.06,0.0484093,0.84276
737,4002.87,0.0498745,0.805861
738,4219.38,0.0500981,0.842623
739,3940.32,0.049495,0.776402
740,4527.25,0.0449072,0.880836
741,4090.27,0.0476569,0.827155
742,4340.13,0.04675,0.860302
743,4167.94,0.048138,0.839935
744,4260,0.0509494,0.840923
745,4136.02,0.0471778,0.820295
746,4138.11,0.0508926,0.826763
747,4112.15,0.0491269,0.798311
748,3954.03,0.0483882,0.813821
749,4240.55,0.0520616,0.86242
750,4111.53,0.046959,0.801143
751,4239.15,0.0510849,0.846238
752,3991.48,0.0512202,0.798985
753,4155.88,0.0499711,0.828591
754,4160.24,0.0504431,0.823147
755,4175.17,0.0505472,0.832388
756,4046.86,0.0485631,0.816519
757,4220.23,0.0508343,0.828262
758,4094.07,0.0506724,0.804795
759,4192.65,0.050535,0.805359
760,4207.22,0.0517558,0.839915
761,4323.14,0.0527329,0.851024
762,4162.3,0.0485334,0.85096
763,4131.84,0.0468072,0.847673
764,3945.9,0.0493233,0.788388
765,4309.58,0.0529979,0.844758
766,4393.68,0.0489171,0.859655
767,4196.47,0.0531346,0.846333
768,4056.67,0.0488029,0.801885
769,4367.39,0.0473396,0.869089
770,4080.76,0.0519304,0.801839
771,4024.85,0.048237,0.802851
772,4173.87,0.0514224,0.822214
773,4171.54,0.0520811,0.826506
774,4262.01,0.0491784,0.864167
775,4303.92,0.051189,0.8593
776,4386.99,0.0483236,0.8863
777,4282.02,0.0477448,0.861236
778,4207.74,0.0512747,0.836506
779,4297.19,0.050871,0.842262
780,4200.94,0.0497276,0.844517
781,4312.89,0.0534842,0.85077
782,4202.03,0.0480101,0.82911
783,4433.04,0.0496284,0.89063
784,4146.67,0.0494268,0.830591
785,4204.17,0.0500288,0.850457
786,4056.23,0.0449188,0.803508
787,4357.44,0.047487,0.849597
788,4338.93,0.0483858,0.853698
789,4480.74,0.0499898,0.866921
790,4328.84,0.0538678,0.838929
791,4223.42,0.0513795,0.842961
792,4179.06,0.0476699,0.824206
793,4390.47,0.0482741,0.861013
794,4025.29,0.0527185,0.807512
795,4366.44,0.0527717,0.863532
796,4052.89,0.0500619,0.810261
797,4203.46,0.0488121,0.817931
798,4287.91,0.046162,0.838612
799,4097.38,0.0469564,0.834947
800,4227.18,0.0464588,0.848273
801,4434.13,0.0489992,0.884814
802,4280.52,0.0508367,0.849809
803,4435.84,0.0483458,0.863276
804,3932.56,0.0512808,0.793804
805,4170.63,0.0499562,0.852118
806,4270.64,0.0497745,0.853628
807,4392.44,0.0511818,0.877901
808,4145.47,0.0525207,0.809275
809,4435.44,0.0487363,0.891715
810,4316.62,0.0498039,0.859066
811,4308.65,0.0504467,0.872987
812,4196.33,0.0523648,0.852962
813,4490.2,0.0476701,0.907856
814,4394.83,0.0511114,0.862449
815,4189.55,0.0523083,0.853121
816,4318.78,0.0481398,0.858786
817,4256.58,0.0502319,0.854303
818,4081.05,0.051564,0.833987
819,4218.86,0.050781,0.854296
820,4433.17,0.0544566,0.900495
821,4215.38,0.0510746,0.853887
822,4308.58,0.0544408,0.819327
823,4475.08,0.0504623,0.86873
824,4480.2,0.0500676,0.86782
825,4584.54,0.0509418,0.913278
826,4228.87,0.048829,0.827623
827,4344.7,0.0511598,0.853194
828,4418.97,0.0511512,0.854381
829,4331.07,0.0504963,0.855034
830,4211.92,0.0497751,0.852696
831,4549.6,0.0501902,0.89638
832,4065.04,0.0505136,0.826671
833,4560.96,0.0524599,0.875955
834,4357.8,0.0504735,0.894252
835,4117.39,0.0525893,0.842788
836,4034.46,0.0521939,0.822562
837,4148.26,0.046389,0.844416
838,4191.43,0.0519855,0.834212
839,4392.65,0.0482302,0.886274
840,4085.76,0.0492031,0.823536
841,4575.45,0.0487367,0.904165
842,4120.75,0.0510641,0.832777
843,4440.92,0.0487351,0.880191
844,4336.4,0.0515994,0.871083
845,4464.12,0.0499674,0.89833
846,4224.1,0.0517512,0.841457
847,4316.72,0.0505472,0.8499
848,4310.05,0.0482893,0.895155
849,4628.18,0.0498497,0.901
850,4344.42,0.0477661,0.876483
851,4548.03,0.0481356,0.895185
852,4200.02,0.0502513,0.847564
853,4329.97,0.0511084,0.856294
854,4500.11,0.050431,0.871247
855,4491.55,0.0469132,0.909644
856,4349.75,0.0471073,0.86852
857,4402.86,0.0489803,0.885094
858,4239.67,0.0450695,0.854842
859,4308.48,0.0530353,0.883449
860,4256.1,0.049469,0.860706
861,4430.54,0.0497519,0.864765
862,4311.7,0.0508796,0.847878
863,4570.3,0.046591,0.909272
864,4346.93,0.0519661,0.871813
865,4324.62,0.051123,0.83945
866,4287.35,0.0501958,0.865535
867,4308.01,0.047685,0.859285
868,4255.18,0.0452428,0.866605
869,4184.14,0.0448537,0.840489
870,4605.57,0.0513651,0.905701
871,4443.91,0.0489752,0.891777
872,4360.35,0.0483003,0.881948
873,4420.71,0.0486474,0.878429
874,4609.37,0.050661,0.90797
875,4164.07,0.0531316,0.832265
876,4365.36,0.0523592,0.87955
877,4689.52,0.0526885,0.910695
878,4416.21,0.0495739,0.882042
879,4548.1,0.0519637,0.911769
880,4495.28,0.0489091,0.902423
881,4506.68,0.052553,0.886908
882,4588.51,0.0518204,0.91644
883,4372.87,0.0493926,0.878057
884,4414.68,0.0496083,0.879784
885,4363.51,0.0463192,0.895457
886,4585.73,0.0460708,0.926703
887,4338.13,0.0495968,0.890189
888,4211.49,0.0520961,0.840135
889,4455.88,0.0482301,0.885005
890,4568.74,0.0508863,0.922699
891,4143.91,0.0488255,0.838682
892,4400.43,0.0476112,0.87484
893,4379.55,0.0561661,0.858615
894,4461.5,0.0538041,0.88667
895,4048.74,0.0512984,0.823577
896,4551.13,0.0503412,0.886772
897,4665.12,0.0506437,0.942773
898,4519.5,0.0451809,0.912303
899,4699.3,0.0494288,0.913918
900,4572.98,0.0481008,0.896615
901,4333.34,0.0511737,0.855331
902,4529.53,0.0496375,0.90075
903,4443.31,0.0505911,0.880948
904,4655.55,0.053934,0.899672
905,4357.01,0.0539225,0.886549
906,4445.58,0.0504057,0.914377
907,4418.52,0.0515792,0.89005
908,4653.28,0.0510655,0.91927
909,4572.21,0.0493766,0.916003
910,4711.76,0.0511154,0.946863
911,4301.23,0.0509526,0.856212
912,4347.47,0.0537062,0.856993
913,4483.21,0.0515795,0.875695
914,4565.82,0.049282,0.903074
915,4547.28,0.0536249,0.892675
916,4237.83,0.0531202,0.828611
917,4265.91,0.0522465,0.852089
918,4487.08,0.0518073,0.870695
919,4608.73,0.0484032,0.913782
920,4349.8,0.0513277,0.863414
921,4529.41,0.0482988,0.919547
922,4608.43,0.0565761,0.922901
923,4572.09,0.0524817,0.901475
924,4617.73,0.0490757,0.920275
925,4426.96,0.0503724,0.881423
926,4368.63,0.0520711,0.876043
927,4416.54,0.0484474,0.886493
928,4551.72,0.046479,0.920929
929,4688.27,0.0504358,0.948065
930,4391.49,0.0499418,0.880138
931,4601.8,0.0483834,0.920154
932,4273.58,0.0471253,0.869747
933,4507.44,0.048551,0.899692
934,4630.22,0.0500236,0.93449
935,4668.59,0.0497938,0.936933
936,4705.86,0.0482623,0.943883
937,4690.6,0.0493158,0.926864
938,4612.21,0.0527983,0.923476
939,4634.11,0.0480533,0.924629
940,4267.3,0.0505545,0.869644
941,4291.06,0.0545011,0.863356
942,4486.81,0.0483079,0.928173
943,4444.06,0.0516449,0.894528
944,4627.75,0.0530998,0.916685
945,4455.88,0.0516831,0.873331
946,4461.83,0.0510061,0.914281
947,4697.66,0.0527112,0.935694
948,4763.46,0.0523318,0.934661
949,4491.38,0.0506684,0.868802
950,4356.4,0.0498704,0.873864
951,4646.48,0.0516851,0.912116
952,4486.16,0.0489427,0.928545
953,4698.29,0.0478153,0.939347
954,4683.01,0.0521648,0.936999
955,4584.01,0.0514187,0.910849
956,4634.87,0.0508966,0.919311
957,4520.69,0.0527177,0.899895
958,4662.87,0.0536984,0.947802
959,4705.29,0.0518209,0.938837
960,4370.43,0.0525589,0.8596
961,4344.94,0.0515051,0.87182
962,4569.13,0.0510413,0.922511
963,4521.02,0.0494927,0.90614
964,4462.55,0.0495384,0.885085
965,4591.16,0.0524389,0.916161
966,4456.52,0.0486654,0.905587
967,4524.6,0.0495291,0.911447
968,4707.04,0.0543953,0.943756
969,4631.7,0.0501619,0.942404
970,4557.65,0.0514728,0.916422
971,4400.02,0.0534444,0.882982
972,4520.82,0.0512268,0.890508
973,4530.2,0.0508206,0.930598
974,4630.18,0.0519848,0.926425
975,4479.45,0.0543706,0.88112
976,4710.6,0.0521523,0.947703
977,4732.77,0.0512602,0.93917
978,4667.86,0.0498581,0.935254
979,4712.91,0.0494496,0.910891
980,4589.95,0.0529935,0.920136
981,4792.61,0.0518662,0.944483
982,4576.88,0.0516047,0.900389
983,4691.21,0.0528158,0.947858
984,4583.82,0.0507343,0.924152
985,4485.8,0.0562657,0.895592
986,4604.02,0.0532416,0.901039
987,4450.49,0.0506501,0.885313
988,4441.75,0.0505867,0.903722
989,4683.34,0.0509173,0.949216
990,4672.71,0.0539884,0.944395
991,4819.43,0.0508613,0.969721
992,4640.26,0.0490842,0.925938
993,4715.41,0.0530912,0.926723
994,4624.92,0.0529295,0.924047
995,4686.41,0.0506737,0.941595
996,4757.75,0.050029,0.955178
997,4706.15,0.050935,0.928419
998,4585.97,0.0494823,0.934988
999,4881.2,0.0515814,0.979046
1000,4845.74,0.0527529,0.969838
